Top queries,Clicks,Impressions,CTR,Position
enduro algarve,8,23,34.78%,1.65
faro enduro,4,6,66.67%,2.67
enduro portugal algarve,2,16,12.5%,4.5
enduro portugal,1,53,1.89%,14.3
portugal enduro tours,1,34,2.94%,9.18
enduro tour portugal,1,21,4.76%,6.48
dirt biking near me,1,2,50%,2.5
off road motorcycle training near me,1,1,100%,5
portugal enduro,0,25,0%,11.92
ktm algarve,0,18,0%,31.61
enduro tours,0,17,0%,31.94
tds bikes,0,15,0%,10.93
ktm portugal,0,15,0%,38.73
tds,0,14,0%,6.07
enduro tours portugal,0,14,0%,9.79
motorbike holiday portugal,0,14,0%,63.86
dirt bike portugal,0,13,0%,39.54
vilamoura bike tours,0,12,0%,1
tds portugal,0,11,0%,6.45
off road portugal,0,10,0%,57.6
motorcycle holiday portugal,0,10,0%,90
quad biking near me,0,9,0%,5
motorbike tour portugal,0,9,0%,77.89
tds bike,0,8,0%,8.88
tds enduro,0,8,0%,9.25
motorbike rental faro,0,8,0%,60.5
enduro holidays,0,8,0%,94.12
tds tours,0,7,0%,7.29
algarve aventura,0,7,0%,15.29
rent an off road bike,0,6,0%,77.83
motorcycle tours in algarve portugal,0,5,0%,30.6
portugal enduros,0,4,0%,6.5
tds tour,0,4,0%,6.5
quad biking vilamoura,0,4,0%,8.25
motocross algarve,0,4,0%,9.75
tds motorcycle,0,4,0%,10
motorbike tours portugal,0,4,0%,79.75
dirt bike,0,3,0%,8
compra motocross,0,3,0%,15.33
comprar motocross,0,3,0%,16
algarve motorcycle tours,0,3,0%,17
bike rental vilamoura,0,3,0%,38.67
exc 300,0,3,0%,56.33
exc 300 tpi,0,3,0%,64
motorcycle rental algarve,0,3,0%,78.33
ktm exc 300,0,3,0%,83.33
ktm tour enduro,0,2,0%,1
algarve quad biking,0,2,0%,2
dirt bikes algarve,0,2,0%,2
dirtbike,0,2,0%,3.5
85cc dirt bike for sale,0,2,0%,5
enduro bikes,0,2,0%,7
aventuras algarve,0,2,0%,7.5
algarve trail riding tours,0,2,0%,8.5
cheap dirt bikes,0,2,0%,17
desportos,0,2,0%,20.5
albufeira motorcycle rental,0,2,0%,27
enduro bike hire,0,2,0%,34.5
motorbike hire faro,0,2,0%,45
ktm exc 300 tpi,0,2,0%,55.5
enduro bike tours,0,2,0%,64.5
adventure motors,0,1,0%,1
dirtbikes,0,1,0%,1
enduro riding near me,0,1,0%,1
tour enduro,0,1,0%,1
dirt bikes for 12 year olds near me,0,1,0%,2
dirtbikes for sale,0,1,0%,2
quad bike hire near me,0,1,0%,2
quad biking,0,1,0%,2
dirt bike riding near me,0,1,0%,3
motas motocross usadas,0,1,0%,3
cheap motorcycle tours,0,1,0%,4
bike tours algarve,0,1,0%,5
dirt bike shops near me,0,1,0%,5
husqvarna motorcycles,0,1,0%,5
quad bikes near me,0,1,0%,5
sport bike,0,1,0%,8
enduro portugal loja,0,1,0%,9
sport motorcycles,0,1,0%,9
tds enduro 2024,0,1,0%,9
vilamoura bikes,0,1,0%,9
ktm tour,0,1,0%,10
motocross nearby,0,1,0%,10
quad bike near me,0,1,0%,11
actividades de aventura,0,1,0%,13
electric dirt bike rental near me,0,1,0%,13
ktm 300 adventure bike,0,1,0%,13
dirt bikes for sale,0,1,0%,15
used bikes for sale near me,0,1,0%,15
electric dirt bike portugal,0,1,0%,16
bike rental quarteira,0,1,0%,17
biking algarve,0,1,0%,17
biking portugal,0,1,0%,24
quad bike tours near me,0,1,0%,24
tdm enduro tours,0,1,0%,29
rent a ktm.com,0,1,0%,31
albufeira motorbike hire,0,1,0%,54
faro motorbike rental,0,1,0%,59
gas gas 700 enduro,0,1,0%,62
enduro bike holidays,0,1,0%,64
ktm 790 enduro,0,1,0%,75
bike algarve,0,1,0%,82
motorbike holidays in portugal,0,1,0%,82
ktm 300 hp and torque,0,1,0%,87
ktm renting,0,1,0%,88
tour enduro motorcycle,0,1,0%,89
enduro tour,0,1,0%,91
bike rental faro portugal,0,1,0%,99